[
  {
    "Supplier": "Supplier-A",
    "Name": "Order-A-1",
    "Part": "Bracket",
    "Quantity": 1500,
    "EarliestStartDate": "2022-02-05T00:00:00",
    "DueDate": "2022-02-11T23:59:59",
    "ProcessPlan": "3-Axis-Subtractive-1"
  },
  {
    "Supplier": "Supplier-A",
    "Name": "Order-A-2",
    "Part": "Bracket",
    "Quantity": 1000,
    "EarliestStartDate": "2022-02-05T00:00:00",
    "DueDate": "2022-02-11T23:59:59",
    "ProcessPlan": "5-Axis-Subtractive-1"
  },
  {
    "Supplier": "Supplier-A",
    "Name": "Order-A-3",
    "Part": "Bracket",
    "Quantity": 1400,
    "EarliestStartDate": "2022-02-05T00:00:00",
    "DueDate": "2022-02-11T23:59:59",
    "ProcessPlan": "5-Axis-Subtractive-2"
  },
  {
    "Supplier": "Supplier-A",
    "Name": "Order-A-4",
    "Part": "Bracket",
    "Quantity": 600,
    "EarliestStartDate": "2022-02-05T00:00:00",
    "DueDate": "2022-02-18T23:59:59",
    "ProcessPlan": "5-Axis-Subtractive-2"
  },
  {
    "Supplier": "Supplier-B",
    "Name": "Order-B-1",
    "Part": "Bracket",
    "Quantity": 1500,
    "EarliestStartDate": "2022-02-05T00:00:00",
    "DueDate": "2022-02-11T23:59:59",
    "ProcessPlan": "SLM-Additive-1"
  },
  {
    "Supplier": "Supplier-B",
    "Name": "Order-B-2",
    "Part": "Bracket",
    "Quantity": 750,
    "EarliestStartDate": "2022-02-05T00:00:00",
    "DueDate": "2022-02-11T23:59:59",
    "ProcessPlan": "SLM-Additive-2"
  },
  {
    "Supplier": "Supplier-B",
    "Name": "Order-B-3",
    "Part": "Bracket",
    "Quantity": 1000,
    "EarliestStartDate": "2022-02-05T00:00:00",
    "DueDate": "2022-02-11T23:59:59",
    "ProcessPlan": "Binder-Jet-Metal-Additive-2"
  },
  {
    "Supplier": "Supplier-B",
    "Name": "Order-B-4",
    "Part": "Bracket",
    "Quantity": 310,
    "EarliestStartDate": "2022-02-05T00:00:00",
    "DueDate": "2022-02-11T23:59:59",
    "ProcessPlan": "FDM-Additive-1"
  },
  {
    "Supplier": "Supplier-B",
    "Name": "Order-B-5",
    "Part": "Bracket",
    "Quantity": 1000,
    "EarliestStartDate": "2022-02-05T00:00:00",
    "DueDate": "2022-02-18T23:59:59",
    "ProcessPlan": "FDM-Additive-1"
  },
  {
    "Supplier": "Supplier-B",
    "Name": "Order-B-6",
    "Part": "Bracket",
    "Quantity": 1000,
    "EarliestStartDate": "2022-02-05T00:00:00",
    "DueDate": "2022-02-11T23:59:59",
    "ProcessPlan": "FDM-Additive-1"
  }
]