[
  {
    "Name": "2-Axis-Subtractive-1",
    "Part": "Bracket",
    "Link": "Aluminum_6061_2_axis_cutting_y",
    "Material": "Al6061",
    "ManufacturingMethod": "2-Axis-Subtractive",
    "BulkGrams": 3535,
    "NetGrams": 702.358,
    "ScrapGrams": 2832.642,
    "Width": 170,
    "Height": 110,
    "Depth": 70,
    "Task_Sequence": [
      "2Axis-machining-1",
      "Bracket-polishing",
      "Bracket-inspection"
    ]
  },
  {
    "Name": "3-Axis-Subtractive-1",
    "Part": "Bracket",
    "Link": "Aluminum_6061_3_axis_milling",
    "Material": "Al6061",
    "ManufacturingMethod": "3-Axis-Subtractive",
    "BulkGrams": 3535,
    "NetGrams": 187.624,
    "ScrapGrams": 3347.376,
    "Width": 170,
    "Height": 110,
    "Depth": 70,
    "Task_Sequence": [
      "3Axis-machining-1",
      "3Axis-refixture-1",
      "3Axis-machining-2",
      "Bracket-polishing",
      "Bracket-inspection"
    ]
  },
  {
    "Name": "3-Axis-Subtractive-2",
    "Part": "Bracket",
    "Link": "Aluminum_6061_2.5_axis_milling_y+y-",
    "Material": "Al6061",
    "ManufacturingMethod": "3-Axis-Subtractive",
    "BulkGrams": 3535,
    "NetGrams": 635.299,
    "ScrapGrams": 2899.701,
    "Width": 170,
    "Height": 110,
    "Depth": 70,
    "Task_Sequence": [
      "3Axis-machining-3",
      "3Axis-refixture-2",
      "3Axis-machining-4",
      "Bracket-polishing",
      "Bracket-inspection"
    ]
  },
  {
    "Name": "3-Axis-Subtractive-3",
    "Part": "Bracket",
    "Link": "Aluminum_6061_2.5_axis_milling_z+z-",
    "Material": "Al6061",
    "ManufacturingMethod": "3-Axis-Subtractive",
    "BulkGrams": 3535,
    "NetGrams": 461.879,
    "ScrapGrams": 3073.121,
    "Width": 170,
    "Height": 110,
    "Depth": 70,
    "Task_Sequence": [
      "3Axis-machining-5",
      "3Axis-refixture-3",
      "3Axis-machining-6",
      "Bracket-polishing",
      "Bracket-inspection"
    ]
  },
  {
    "Name": "5-Axis-Subtractive-1",
    "Part": "Bracket",
    "Link": "Aluminum_6061_5_axis_milling",
    "Material": "Al6061",
    "ManufacturingMethod": "5-Axis-Subtractive",
    "BulkGrams": 3535,
    "NetGrams": 189.962,
    "ScrapGrams": 3345.038,
    "Width": 170,
    "Height": 110,
    "Depth": 70,
    "Task_Sequence": [
      "5Axis-machining-1",
      "5Axis-machining-2",
      "Bracket-polishing",
      "Bracket-inspection"
    ]
  },
  {
    "Name": "SLM-Additive-1",
    "Part": "Bracket",
    "Link": "Aluminum_6061_additive_x+",
    "Material": "Al6061powder",
    "ManufacturingMethod": "SLM-Additive",
    "BulkGrams": 629.1186,
    "NetGrams": 571.926,
    "ScrapGrams": 57.1926,
    "Width": 170,
    "Height": 110,
    "Depth": 70,
    "Task_Sequence": [
      "SLM-bracket-printing-1",
      "Bracket-support-removal",
      "Bracket-inspection"
    ]
  },
  {
    "Name": "SLM-Additive-2",
    "Part": "Bracket",
    "Link": "Aluminum_6061_additive_x-",
    "Material": "Al6061powder",
    "ManufacturingMethod": "SLM-Additive",
    "BulkGrams": 207.0398,
    "NetGrams": 188.218,
    "ScrapGrams": 18.8218,
    "Width": 170,
    "Height": 110,
    "Depth": 70,
    "Task_Sequence": [
      "SLM-bracket-printing-2",
      "Bracket-support-removal",
      "Bracket-inspection"
    ]
  },
  {
    "Name": "SLM-Additive-3",
    "Part": "Bracket",
    "Link": "Aluminum_6061_additive_y+",
    "Material": "Al6061powder",
    "ManufacturingMethod": "SLM-Additive",
    "BulkGrams": 627.3476,
    "NetGrams": 570.316,
    "ScrapGrams": 57.0316,
    "Width": 170,
    "Height": 110,
    "Depth": 70,
    "Task_Sequence": [
      "SLM-bracket-printing-3",
      "Bracket-support-removal",
      "Bracket-inspection"
    ]
  },
  {
    "Name": "SLM-Additive-4",
    "Part": "Bracket",
    "Link": "Aluminum_6061_additive_y-",
    "Material": "Al6061powder",
    "ManufacturingMethod": "SLM-Additive",
    "BulkGrams": 210.5477,
    "NetGrams": 191.407,
    "ScrapGrams": 19.1407,
    "Width": 170,
    "Height": 110,
    "Depth": 70,
    "Task_Sequence": [
      "SLM-bracket-printing-4",
      "Bracket-support-removal",
      "Bracket-inspection"
    ]
  },
  {
    "Name": "SLM-Additive-5",
    "Part": "Bracket",
    "Link": "Aluminum_6061_additive_z+",
    "Material": "Al6061powder",
    "ManufacturingMethod": "SLM-Additive",
    "BulkGrams": 216.5955,
    "NetGrams": 196.905,
    "ScrapGrams": 19.6905,
    "Width": 170,
    "Height": 110,
    "Depth": 70,
    "Task_Sequence": [
      "SLM-bracket-printing-5",
      "Bracket-support-removal",
      "Bracket-inspection"
    ]
  },
  {
    "Name": "SLM-Additive-6",
    "Part": "Bracket",
    "Link": "Aluminum_6061_additive_z-",
    "Material": "Al6061powder",
    "ManufacturingMethod": "SLM-Additive",
    "BulkGrams": 209.297,
    "NetGrams": 190.27,
    "ScrapGrams": 19.027,
    "Width": 170,
    "Height": 110,
    "Depth": 70,
    "Task_Sequence": [
      "SLM-bracket-printing-6",
      "Bracket-support-removal",
      "Bracket-inspection"
    ]
  },
  {
    "Name": "Binder-Jet-Metal-Additive-1",
    "Part": "Bracket",
    "Link": "Aluminum_6061_unrestricted",
    "Material": "Al6061powder",
    "ManufacturingMethod": "Binder-Jet-Metal-Additive",
    "BulkGrams": 807.84,
    "NetGrams": 734.4,
    "ScrapGrams": 73.44,
    "Width": 170,
    "Height": 110,
    "Depth": 70,
    "Task_Sequence": [
      "Bjet-bracket-printing-1",
      "Bracket-sintering",
      "Bracket-shot-peening",
      "Bracket-inspection"
    ]
  },
  {
    "Name": "2-Axis-Subtractive-2",
    "Part": "Bracket",
    "Link": "Ti6Al4V_2_axis_cutting_y",
    "Material": "Ti6Al4V",
    "ManufacturingMethod": "2-Axis-Subtractive",
    "BulkGrams": 5800,
    "NetGrams": 1145.255,
    "ScrapGrams": 4654.745,
    "Width": 170,
    "Height": 110,
    "Depth": 70,
    "Task_Sequence": [
      "2Axis-machining-2",
      "Bracket-polishing",
      "Bracket-inspection"
    ]
  },
  {
    "Name": "3-Axis-Subtractive-4",
    "Part": "Bracket",
    "Link": "Ti6Al4V_3_axis_milling",
    "Material": "Ti6Al4V",
    "ManufacturingMethod": "3-Axis-Subtractive",
    "BulkGrams": 5800,
    "NetGrams": 307.697,
    "ScrapGrams": 5492.303,
    "Width": 170,
    "Height": 110,
    "Depth": 70,
    "Task_Sequence": [
      "3Axis-machining-7",
      "3Axis-refixture-4",
      "3Axis-machining-8",
      "Bracket-polishing",
      "Bracket-inspection"
    ]
  },
  {
    "Name": "3-Axis-Subtractive-5",
    "Part": "Bracket",
    "Link": "Ti6Al4V_2.5_axis_milling_y+y",
    "Material": "Ti6Al4V",
    "ManufacturingMethod": "3-Axis-Subtractive",
    "BulkGrams": 5800,
    "NetGrams": 1015.039,
    "ScrapGrams": 4784.961,
    "Width": 170,
    "Height": 110,
    "Depth": 70,
    "Task_Sequence": [
      "3Axis-machining-9",
      "3Axis-refixture-5",
      "3Axis-machining-10",
      "Bracket-polishing",
      "Bracket-inspection"
    ]
  },
  {
    "Name": "3-Axis-Subtractive-6",
    "Part": "Bracket",
    "Link": "Ti6Al4V_2.5_axis_milling_z+z-",
    "Material": "Ti6Al4V",
    "ManufacturingMethod": "3-Axis-Subtractive",
    "BulkGrams": 5800,
    "NetGrams": 717.623,
    "ScrapGrams": 5082.377,
    "Width": 170,
    "Height": 110,
    "Depth": 70,
    "Task_Sequence": [
      "3Axis-machining-11",
      "3Axis-refixture-6",
      "3Axis-machining-12",
      "Bracket-polishing",
      "Bracket-inspection"
    ]
  },
  {
    "Name": "5-Axis-Subtractive-2",
    "Part": "Bracket",
    "Link": "Ti6Al4V_5_axis_milling",
    "Material": "Ti6Al4V",
    "ManufacturingMethod": "5-Axis-Subtractive",
    "BulkGrams": 342.7688,
    "NetGrams": 311.608,
    "ScrapGrams": 31.1608,
    "Width": 170,
    "Height": 110,
    "Depth": 70,
    "Task_Sequence": [
      "5Axis-machining-3",
      "5Axis-machining-4",
      "Bracket-polishing",
      "Bracket-inspection"
    ]
  },
  {
    "Name": "SLM-Additive-7",
    "Part": "Bracket",
    "Link": "Ti6Al4V_2.5_additive_x+",
    "Material": "Ti6Al4Vpowder",
    "ManufacturingMethod": "SLM-Additive",
    "BulkGrams": 342.5609,
    "NetGrams": 311.419,
    "ScrapGrams": 31.1419,
    "Width": 170,
    "Height": 110,
    "Depth": 70,
    "Task_Sequence": [
      "SLM-bracket-printing-7",
      "Bracket-support-removal",
      "Bracket-inspection"
    ]
  },
  {
    "Name": "SLM-Additive-8",
    "Part": "Bracket",
    "Link": "Ti6Al4V_2.5_additive_x-",
    "Material": "Ti6Al4Vpowder",
    "ManufacturingMethod": "SLM-Additive",
    "BulkGrams": 342.21,
    "NetGrams": 311.1,
    "ScrapGrams": 31.11,
    "Width": 170,
    "Height": 110,
    "Depth": 70,
    "Task_Sequence": [
      "SLM-bracket-printing-8",
      "Bracket-support-removal",
      "Bracket-inspection"
    ]
  },
  {
    "Name": "SLM-Additive-9",
    "Part": "Bracket",
    "Link": "Ti6Al4V_2.5_additive_y+",
    "Material": "Ti6Al4Vpowder",
    "ManufacturingMethod": "SLM-Additive",
    "BulkGrams": 351.3158,
    "NetGrams": 319.378,
    "ScrapGrams": 31.9378,
    "Width": 170,
    "Height": 110,
    "Depth": 70,
    "Task_Sequence": [
      "SLM-bracket-printing-9",
      "Bracket-support-removal",
      "Bracket-inspection"
    ]
  },
  {
    "Name": "SLM-Additive-10",
    "Part": "Bracket",
    "Link": "Ti6Al4V_2.5_additive_y-",
    "Material": "Ti6Al4Vpowder",
    "ManufacturingMethod": "SLM-Additive",
    "BulkGrams": 345.1481,
    "NetGrams": 313.771,
    "ScrapGrams": 31.3771,
    "Width": 170,
    "Height": 110,
    "Depth": 70,
    "Task_Sequence": [
      "SLM-bracket-printing-10",
      "Bracket-support-removal",
      "Bracket-inspection"
    ]
  },
  {
    "Name": "SLM-Additive-11",
    "Part": "Bracket",
    "Link": "Ti6Al4V_2.5_additive_z+",
    "Material": "Ti6Al4Vpowder",
    "ManufacturingMethod": "SLM-Additive",
    "BulkGrams": 358.402,
    "NetGrams": 325.82,
    "ScrapGrams": 32.582,
    "Width": 170,
    "Height": 110,
    "Depth": 70,
    "Task_Sequence": [
      "SLM-bracket-printing-11",
      "Bracket-support-removal",
      "Bracket-inspection"
    ]
  },
  {
    "Name": "SLM-Additive-12",
    "Part": "Bracket",
    "Link": "Ti6Al4V_2.5_additive_z-",
    "Material": "Ti6Al4Vpowder",
    "ManufacturingMethod": "SLM-Additive",
    "BulkGrams": 342.6005,
    "NetGrams": 311.455,
    "ScrapGrams": 31.1455,
    "Width": 170,
    "Height": 110,
    "Depth": 70,
    "Task_Sequence": [
      "SLM-bracket-printing-12",
      "Bracket-support-removal",
      "Bracket-inspection"
    ]
  },
  {
    "Name": "Binder-Jet-Metal-Additive-2",
    "Part": "Bracket",
    "Link": "Ti6Al4V_unrestricted",
    "Material": "Ti6Al4Vpowder",
    "ManufacturingMethod": "Binder-Jet-Metal-Additive",
    "BulkGrams": 338.58,
    "NetGrams": 307.8,
    "ScrapGrams": 30.78,
    "Width": 170,
    "Height": 110,
    "Depth": 70,
    "Task_Sequence": [
      "Bjet-bracket-printing-2",
      "Bracket-sintering",
      "Bracket-shot-peening",
      "Bracket-inspection"
    ]
  },
  {
    "Name": "3-Axis-Subtractive-7",
    "Part": "Bracket",
    "Link": "ABS_Plastic_3_axis_milling",
    "Material": "ABSplastic",
    "ManufacturingMethod": "3-Axis-Subtractive",
    "BulkGrams": 1309,
    "NetGrams": 628.357,
    "ScrapGrams": 680.643,
    "Width": 170,
    "Height": 110,
    "Depth": 70,
    "Task_Sequence": [
      "3Axis-machining-13",
      "3Axis-refixture-7",
      "3Axis-machining-14",
      "Bracket-polishing",
      "Bracket-inspection"
    ]
  },
  {
    "Name": "5-Axis-Subtractive-3",
    "Part": "Bracket",
    "Link": "ABS_Plastic_5_axis_milling",
    "Material": "ABSplastic",
    "ManufacturingMethod": "5-Axis-Subtractive",
    "BulkGrams": 1309,
    "NetGrams": 601.318,
    "ScrapGrams": 707.682,
    "Width": 170,
    "Height": 110,
    "Depth": 70,
    "Task_Sequence": [
      "5Axis-machining-5",
      "5Axis-machining-6",
      "Bracket-polishing",
      "Bracket-inspection"
    ]
  },
  {
    "Name": "FDM-Additive-1",
    "Part": "Bracket",
    "Link": "ABS_additive_x+",
    "Material": "ABSplastic",
    "ManufacturingMethod": "FDM-Additive",
    "BulkGrams": 260.6,
    "NetGrams": 260.6,
    "ScrapGrams": 0,
    "Width": 170,
    "Height": 110,
    "Depth": 70,
    "Task_Sequence": [
      "FDM-bracket-printing-1",
      "Bracket-support-removal",
      "Bracket-inspection"
    ]
  },
  {
    "Name": "FDM-Additive-2",
    "Part": "Bracket",
    "Link": "ABS_additive_x-",
    "Material": "ABSplastic",
    "ManufacturingMethod": "FDM-Additive",
    "BulkGrams": 261.5,
    "NetGrams": 261.5,
    "ScrapGrams": 0,
    "Width": 170,
    "Height": 110,
    "Depth": 70,
    "Task_Sequence": [
      "FDM-bracket-printing-2",
      "Bracket-support-removal",
      "Bracket-inspection"
    ]
  },
  {
    "Name": "FDM-Additive-3",
    "Part": "Bracket",
    "Link": "ABS_additive_y+",
    "Material": "ABSplastic",
    "ManufacturingMethod": "FDM-Additive",
    "BulkGrams": 259,
    "NetGrams": 259,
    "ScrapGrams": 0,
    "Width": 170,
    "Height": 110,
    "Depth": 70,
    "Task_Sequence": [
      "FDM-bracket-printing-3",
      "Bracket-support-removal",
      "Bracket-inspection"
    ]
  },
  {
    "Name": "FDM-Additive-4",
    "Part": "Bracket",
    "Link": "ABS_additive_y-",
    "Material": "ABSplastic",
    "ManufacturingMethod": "FDM-Additive",
    "BulkGrams": 264.2,
    "NetGrams": 264.2,
    "ScrapGrams": 0,
    "Width": 170,
    "Height": 110,
    "Depth": 70,
    "Task_Sequence": [
      "FDM-bracket-printing-4",
      "Bracket-support-removal",
      "Bracket-inspection"
    ]
  },
  {
    "Name": "FDM-Additive-5",
    "Part": "Bracket",
    "Link": "ABS_additive_z+",
    "Material": "ABSplastic",
    "ManufacturingMethod": "FDM-Additive",
    "BulkGrams": 230.9,
    "NetGrams": 230.9,
    "ScrapGrams": 0,
    "Width": 170,
    "Height": 110,
    "Depth": 70,
    "Task_Sequence": [
      "FDM-bracket-printing-5",
      "Bracket-support-removal",
      "Bracket-inspection"
    ]
  },
  {
    "Name": "FDM-Additive-6",
    "Part": "Bracket",
    "Link": "ABS_additive_z-",
    "Material": "ABSplastic",
    "ManufacturingMethod": "FDM-Additive",
    "BulkGrams": 259.8,
    "NetGrams": 205.581,
    "ScrapGrams": 54.219,
    "Width": 170,
    "Height": 110,
    "Depth": 70,
    "Task_Sequence": [
      "FDM-bracket-printing-6",
      "Bracket-support-removal",
      "Bracket-inspection"
    ]
  },
  {
    "Name": "2-Axis-Subtractive-4",
    "Part": "Bracket",
    "Link": "Aluminum_7075_2_axis_cutting_y",
    "Material": "Al7075",
    "ManufacturingMethod": "2-Axis-Subtractive",
    "BulkGrams": 3665.2,
    "NetGrams": 263.148,
    "ScrapGrams": 3402.052,
    "Width": 170,
    "Height": 110,
    "Depth": 70,
    "Task_Sequence": [
      "2Axis-machining-3",
      "Bracket-polishing",
      "Bracket-inspection"
    ]
  },
  {
    "Name": "3-Axis-Subtractive-8",
    "Part": "Bracket",
    "Link": "Aluminum_7075_3_axis_milling",
    "Material": "Al7075",
    "ManufacturingMethod": "3-Axis-Subtractive",
    "BulkGrams": 3665.2,
    "NetGrams": 218.569,
    "ScrapGrams": 3446.631,
    "Width": 170,
    "Height": 110,
    "Depth": 70,
    "Task_Sequence": [
      "3Axis-machining-15",
      "3Axis-refixture-8",
      "3Axis-machining-16",
      "Bracket-polishing",
      "Bracket-inspection"
    ]
  },
  {
    "Name": "3-Axis-Subtractive-9",
    "Part": "Bracket",
    "Link": "Aluminum_7075_2.5_axis_milling_y+y-",
    "Material": "Al7075",
    "ManufacturingMethod": "3-Axis-Subtractive",
    "BulkGrams": 3665.2,
    "NetGrams": 691.941,
    "ScrapGrams": 2973.259,
    "Width": 170,
    "Height": 110,
    "Depth": 70,
    "Task_Sequence": [
      "3Axis-machining-17",
      "3Axis-refixture-9",
      "3Axis-machining-18",
      "Bracket-polishing",
      "Bracket-inspection"
    ]
  },
  {
    "Name": "3-Axis-Subtractive-10",
    "Part": "Bracket",
    "Link": "Aluminum_7075_2.5_axis_milling_z+z-",
    "Material": "Al7075",
    "ManufacturingMethod": "3-Axis-Subtractive",
    "BulkGrams": 3665.2,
    "NetGrams": 484.103,
    "ScrapGrams": 3181.097,
    "Width": 170,
    "Height": 110,
    "Depth": 70,
    "Task_Sequence": [
      "3Axis-machining-19",
      "3Axis-refixture-10",
      "3Axis-machining-20",
      "Bracket-polishing",
      "Bracket-inspection"
    ]
  },
  {
    "Name": "5-Axis-Subtractive-4",
    "Part": "Bracket",
    "Link": "Aluminum_7075_5_axis_milling",
    "Material": "Al7075",
    "ManufacturingMethod": "3-Axis-Subtractive",
    "BulkGrams": 3665.2,
    "NetGrams": 212.849,
    "ScrapGrams": 3452.351,
    "Width": 170,
    "Height": 110,
    "Depth": 70,
    "Task_Sequence": [
      "5Axis-machining-7",
      "5Axis-machining-8",
      "Bracket-polishing",
      "Bracket-inspection"
    ]
  },
  {
    "Name": "SLM-Additive-13",
    "Part": "Bracket",
    "Link": "Aluminum_7075_additive_x+",
    "Material": "Al7075powder",
    "ManufacturingMethod": "SLM-Additive",
    "BulkGrams": 227.3161,
    "NetGrams": 206.651,
    "ScrapGrams": 20.6651,
    "Width": 170,
    "Height": 110,
    "Depth": 70,
    "Task_Sequence": [
      "SLM-bracket-printing-13",
      "Bracket-support-removal",
      "Bracket-inspection"
    ]
  },
  {
    "Name": "SLM-Additive-14",
    "Part": "Bracket",
    "Link": "Aluminum_7075_additive_x-",
    "Material": "Al7075powder",
    "ManufacturingMethod": "SLM-Additive",
    "BulkGrams": 227.3161,
    "NetGrams": 206.651,
    "ScrapGrams": 20.6651,
    "Width": 170,
    "Height": 110,
    "Depth": 70,
    "Task_Sequence": [
      "SLM-bracket-printing-14",
      "Bracket-support-removal",
      "Bracket-inspection"
    ]
  },
  {
    "Name": "SLM-Additive-15",
    "Part": "Bracket",
    "Link": "Aluminum_7075_additive_y+",
    "Material": "Al7075powder",
    "ManufacturingMethod": "SLM-Additive",
    "BulkGrams": 238.9673,
    "NetGrams": 217.243,
    "ScrapGrams": 21.7243,
    "Width": 170,
    "Height": 110,
    "Depth": 70,
    "Task_Sequence": [
      "SLM-bracket-printing-15",
      "Bracket-support-removal",
      "Bracket-inspection"
    ]
  },
  {
    "Name": "SLM-Additive-16",
    "Part": "Bracket",
    "Link": "Aluminum_7075_additive_y-",
    "Material": "Al7075powder",
    "ManufacturingMethod": "SLM-Additive",
    "BulkGrams": 238.9453,
    "NetGrams": 217.223,
    "ScrapGrams": 21.7223,
    "Width": 170,
    "Height": 110,
    "Depth": 70,
    "Task_Sequence": [
      "SLM-bracket-printing-16",
      "Bracket-support-removal",
      "Bracket-inspection"
    ]
  },
  {
    "Name": "SLM-Additive-17",
    "Part": "Bracket",
    "Link": "Aluminum_7075_additive_z+",
    "Material": "Al7075powder",
    "ManufacturingMethod": "SLM-Additive",
    "BulkGrams": 275.0099,
    "NetGrams": 250.009,
    "ScrapGrams": 25.0009,
    "Width": 170,
    "Height": 110,
    "Depth": 70,
    "Task_Sequence": [
      "SLM-bracket-printing-17",
      "Bracket-support-removal",
      "Bracket-inspection"
    ]
  },
  {
    "Name": "SLM-Additive-18",
    "Part": "Bracket",
    "Link": "Aluminum_7075_additive_z-",
    "Material": "Al7075powder",
    "ManufacturingMethod": "SLM-Additive",
    "BulkGrams": 220.6952,
    "NetGrams": 200.632,
    "ScrapGrams": 20.0632,
    "Width": 170,
    "Height": 110,
    "Depth": 70,
    "Task_Sequence": [
      "SLM-bracket-printing-18",
      "Bracket-support-removal",
      "Bracket-inspection"
    ]
  },
  {
    "Name": "2-Axis-Subtractive-5",
    "Part": "Bracket",
    "Link": "Stainless_Steel_2_axis_cutting_y",
    "Material": "StainlessSteel",
    "ManufacturingMethod": "2-Axis-Subtractive",
    "BulkGrams": 10472,
    "NetGrams": 2075.175,
    "ScrapGrams": 8396.825,
    "Width": 170,
    "Height": 110,
    "Depth": 70,
    "Task_Sequence": [
      "2Axis-machining-4",
      "Bracket-polishing",
      "Bracket-inspection"
    ]
  },
  {
    "Name": "3-Axis-Subtractive-11",
    "Part": "Bracket",
    "Link": "Stainless_Steel_3_axis_milling",
    "Material": "StainlessSteel",
    "ManufacturingMethod": "3-Axis-Subtractive",
    "BulkGrams": 10472,
    "NetGrams": 555.674,
    "ScrapGrams": 9916.326,
    "Width": 170,
    "Height": 110,
    "Depth": 70,
    "Task_Sequence": [
      "3Axis-machining-21",
      "3Axis-refixture-11",
      "3Axis-machining-22",
      "Bracket-polishing",
      "Bracket-inspection"
    ]
  },
  {
    "Name": "3-Axis-Subtractive-12",
    "Part": "Bracket",
    "Link": "Stainless_Steel_2.5_axis_milling_y+y-",
    "Material": "StainlessSteel",
    "ManufacturingMethod": "3-Axis-Subtractive",
    "BulkGrams": 10472,
    "NetGrams": 1906.246,
    "ScrapGrams": 8565.754,
    "Width": 170,
    "Height": 110,
    "Depth": 70,
    "Task_Sequence": [
      "3Axis-machining-23",
      "3Axis-refixture-12",
      "3Axis-machining-24",
      "Bracket-polishing",
      "Bracket-inspection"
    ]
  },
  {
    "Name": "3-Axis-Subtractive-13",
    "Part": "Bracket",
    "Link": "Stainless_Steel_2.5_axis_milling_z+z-",
    "Material": "StainlessSteel",
    "ManufacturingMethod": "3-Axis-Subtractive",
    "BulkGrams": 10472,
    "NetGrams": 1375.718,
    "ScrapGrams": 9096.282,
    "Width": 170,
    "Height": 110,
    "Depth": 70,
    "Task_Sequence": [
      "3Axis-machining-25",
      "3Axis-refixture-13",
      "3Axis-machining-26",
      "Bracket-polishing",
      "Bracket-inspection"
    ]
  },
  {
    "Name": "5-Axis-Subtractive-5",
    "Part": "Bracket",
    "Link": "Stainless_Steel_5_axis_milling",
    "Material": "StainlessSteel",
    "ManufacturingMethod": "5-Axis-Subtractive",
    "BulkGrams": 10472,
    "NetGrams": 560.732,
    "ScrapGrams": 9911.268,
    "Width": 170,
    "Height": 110,
    "Depth": 70,
    "Task_Sequence": [
      "5Axis-machining-9",
      "5Axis-machining-10",
      "Bracket-polishing",
      "Bracket-inspection"
    ]
  },
  {
    "Name": "SLM-Additive-19",
    "Part": "Bracket",
    "Link": "Stainless_Steel_additive_x+",
    "Material": "StainlessSteelpowder",
    "ManufacturingMethod": "SLM-Additive",
    "BulkGrams": 616.0242,
    "NetGrams": 560.022,
    "ScrapGrams": 56.0022,
    "Width": 170,
    "Height": 110,
    "Depth": 70,
    "Task_Sequence": [
      "SLM-bracket-printing-19",
      "Bracket-support-removal",
      "Bracket-inspection"
    ]
  },
  {
    "Name": "SLM-Additive-20",
    "Part": "Bracket",
    "Link": "Stainless_Steel_additive_x-",
    "Material": "StainlessSteelpowder",
    "ManufacturingMethod": "SLM-Additive",
    "BulkGrams": 606.752,
    "NetGrams": 558.584,
    "ScrapGrams": 48.168,
    "Width": 170,
    "Height": 110,
    "Depth": 70,
    "Task_Sequence": [
      "SLM-bracket-printing-20",
      "Bracket-support-removal",
      "Bracket-inspection"
    ]
  },
  {
    "Name": "SLM-Additive-21",
    "Part": "Bracket",
    "Link": "Stainless_Steel_additive_y+",
    "Material": "StainlessSteelpowder",
    "ManufacturingMethod": "SLM-Additive",
    "BulkGrams": 597.568,
    "NetGrams": 568.792,
    "ScrapGrams": 28.776,
    "Width": 170,
    "Height": 110,
    "Depth": 70,
    "Task_Sequence": [
      "SLM-bracket-printing-21",
      "Bracket-support-removal",
      "Bracket-inspection"
    ]
  },
  {
    "Name": "SLM-Additive-22",
    "Part": "Bracket",
    "Link": "Stainless_Steel_additive_y-",
    "Material": "StainlessSteelpowder",
    "ManufacturingMethod": "SLM-Additive",
    "BulkGrams": 632.6958,
    "NetGrams": 575.178,
    "ScrapGrams": 57.5178,
    "Width": 170,
    "Height": 110,
    "Depth": 70,
    "Task_Sequence": [
      "SLM-bracket-printing-22",
      "Bracket-support-removal",
      "Bracket-inspection"
    ]
  },
  {
    "Name": "SLM-Additive-23",
    "Part": "Bracket",
    "Link": "Stainless_Steel_additive_z+",
    "Material": "StainlessSteelpowder",
    "ManufacturingMethod": "SLM-Additive",
    "BulkGrams": 632.76,
    "NetGrams": 618.816,
    "ScrapGrams": 13.944,
    "Width": 170,
    "Height": 110,
    "Depth": 70,
    "Task_Sequence": [
      "SLM-bracket-printing-24",
      "Bracket-support-removal",
      "Bracket-inspection"
    ]
  },
  {
    "Name": "SLM-Additive-24",
    "Part": "Bracket",
    "Link": "Stainless_Steel_additive_z-",
    "Material": "StainlessSteelpowder",
    "ManufacturingMethod": "SLM-Additive",
    "BulkGrams": 619.5134,
    "NetGrams": 563.194,
    "ScrapGrams": 56.3194,
    "Width": 170,
    "Height": 110,
    "Depth": 70,
    "Task_Sequence": [
      "SLM-bracket-printing-25",
      "Bracket-support-removal",
      "Bracket-inspection"
    ]
  },
  {
    "Name": "2-Axis-Subtractive-6",
    "Part": "Bracket",
    "Link": "Cast_Iron_2_axis_cutting_y",
    "Material": "CastIron",
    "ManufacturingMethod": "2-Axis-Subtractive",
    "BulkGrams": 9359.35,
    "NetGrams": 1863.776,
    "ScrapGrams": 7495.574,
    "Width": 170,
    "Height": 110,
    "Depth": 70,
    "Task_Sequence": [
      "2Axis-machining-5",
      "Bracket-polishing",
      "Bracket-inspection"
    ]
  },
  {
    "Name": "3-Axis-Subtractive-14",
    "Part": "Bracket",
    "Link": "Cast_Iron_3_axis_milling",
    "Material": "CastIron",
    "ManufacturingMethod": "3-Axis-Subtractive",
    "BulkGrams": 9359.35,
    "NetGrams": 571.158,
    "ScrapGrams": 8788.192,
    "Width": 170,
    "Height": 110,
    "Depth": 70,
    "Task_Sequence": [
      "3Axis-machining-27",
      "3Axis-refixture-14",
      "3Axis-machining-28",
      "Bracket-polishing",
      "Bracket-inspection"
    ]
  },
  {
    "Name": "3-Axis-Subtractive-15",
    "Part": "Bracket",
    "Link": "Cast_Iron_2.5_axis_milling_y+y-",
    "Material": "CastIron",
    "ManufacturingMethod": "3-Axis-Subtractive",
    "BulkGrams": 9359.35,
    "NetGrams": 1680.001,
    "ScrapGrams": 7679.349,
    "Width": 170,
    "Height": 110,
    "Depth": 70,
    "Task_Sequence": [
      "3Axis-machining-29",
      "3Axis-refixture-15",
      "3Axis-machining-30",
      "Bracket-polishing",
      "Bracket-inspection"
    ]
  },
  {
    "Name": "3-Axis-Subtractive-16",
    "Part": "Bracket",
    "Link": "Cast_Iron_2.5_axis_milling_z+z-",
    "Material": "CastIron",
    "ManufacturingMethod": "3-Axis-Subtractive",
    "BulkGrams": 9359.35,
    "NetGrams": 1012.14,
    "ScrapGrams": 8347.21,
    "Width": 170,
    "Height": 110,
    "Depth": 70,
    "Task_Sequence": [
      "3Axis-machining-31",
      "3Axis-refixture-16",
      "3Axis-machining-32",
      "Bracket-polishing",
      "Bracket-inspection"
    ]
  },
  {
    "Name": "5-Axis-Subtractive-6",
    "Part": "Bracket",
    "Link": "Cast_Iron_5_axis_milling",
    "Material": "CastIron",
    "ManufacturingMethod": "5-Axis-Subtractive",
    "BulkGrams": 9359.35,
    "NetGrams": 497.945,
    "ScrapGrams": 8861.405,
    "Width": 170,
    "Height": 110,
    "Depth": 70,
    "Task_Sequence": [
      "5Axis-machining-11",
      "5Axis-machining-12",
      "Bracket-polishing",
      "Bracket-inspection"
    ]
  },
  {
    "Name": "SLM-Additive-25",
    "Part": "Bracket",
    "Link": "Cast_Iron_additive_x+",
    "Material": "CastIronpowder",
    "ManufacturingMethod": "SLM-Additive",
    "BulkGrams": 547.518,
    "NetGrams": 505.019,
    "ScrapGrams": 42.499,
    "Width": 170,
    "Height": 110,
    "Depth": 70,
    "Task_Sequence": [
      "SLM-bracket-printing-26",
      "Bracket-support-removal",
      "Bracket-inspection"
    ]
  },
  {
    "Name": "SLM-Additive-26",
    "Part": "Bracket",
    "Link": "Cast_Iron_additive_x-",
    "Material": "CastIronpowder",
    "ManufacturingMethod": "SLM-Additive",
    "BulkGrams": 544.072,
    "NetGrams": 499.985,
    "ScrapGrams": 44.087,
    "Width": 170,
    "Height": 110,
    "Depth": 70,
    "Task_Sequence": [
      "SLM-bracket-printing-27",
      "Bracket-support-removal",
      "Bracket-inspection"
    ]
  },
  {
    "Name": "SLM-Additive-27",
    "Part": "Bracket",
    "Link": "Cast_Iron_additive_y+",
    "Material": "CastIronpowder",
    "ManufacturingMethod": "SLM-Additive",
    "BulkGrams": 542.256,
    "NetGrams": 516.28,
    "ScrapGrams": 25.976,
    "Width": 170,
    "Height": 110,
    "Depth": 70,
    "Task_Sequence": [
      "SLM-bracket-printing-28",
      "Bracket-support-removal",
      "Bracket-inspection"
    ]
  },
  {
    "Name": "SLM-Additive-28",
    "Part": "Bracket",
    "Link": "Cast_Iron_additive_y-",
    "Material": "CastIronpowder",
    "ManufacturingMethod": "SLM-Additive",
    "BulkGrams": 552.266,
    "NetGrams": 513.549,
    "ScrapGrams": 38.717,
    "Width": 170,
    "Height": 110,
    "Depth": 70,
    "Task_Sequence": [
      "SLM-bracket-printing-29",
      "Bracket-support-removal",
      "Bracket-inspection"
    ]
  },
  {
    "Name": "SLM-Additive-29",
    "Part": "Bracket",
    "Link": "Cast_Iron_additive_z+",
    "Material": "CastIronpowder",
    "ManufacturingMethod": "SLM-Additive",
    "BulkGrams": 924.309,
    "NetGrams": 909.83,
    "ScrapGrams": 14.479,
    "Width": 170,
    "Height": 110,
    "Depth": 70,
    "Task_Sequence": [
      "SLM-bracket-printing-30",
      "Bracket-support-removal",
      "Bracket-inspection"
    ]
  },
  {
    "Name": "SLM-Additive-30",
    "Part": "Bracket",
    "Link": "Cast_Iron_additive_z-",
    "Material": "CastIronpowder",
    "ManufacturingMethod": "SLM-Additive",
    "BulkGrams": 579.886,
    "NetGrams": 501.744,
    "ScrapGrams": 78.142,
    "Width": 170,
    "Height": 110,
    "Depth": 70,
    "Task_Sequence": [
      "SLM-bracket-printing-31",
      "Bracket-support-removal",
      "Bracket-inspection"
    ]
  }
]