[
  {
    "Name": "Request-A",
    "Part": "Bracket",
    "Quantity": 100,
    "EarliestStartDate": "2022-02-05T08:00:00",
    "DueDate": "2022-02-11T23:59:59",
    "ProcessPlans": [
      "3-Axis-Subtractive-1",
      "3-Axis-Subtractive-2",
      "3-Axis-Subtractive-3",
      "5-Axis-Subtractive-1",
      "5-Axis-Subtractive-2",
      "5-Axis-Subtractive-3",
      "SLM-Additive-1",
      "SLM-Additive-2",
      "Binder-Jet-Metal-Additive-1",
      "Binder-Jet-Metal-Additive-2",
      "FDM-Additive-1"
    ]
  }
]