[
  {
    "Name": "2Axis-machining-1",
    "RequiredCapability": "EDM-Machining",
    "NominalDuration": 144,
    "NominalCost": 288,
    "Configuration": "Bracket-step1"
  },
  {
    "Name": "2Axis-machining-2",
    "RequiredCapability": "EDM-Machining",
    "NominalDuration": 142,
    "NominalCost": 284,
    "Configuration": "Bracket-step1"
  },
  {
    "Name": "2Axis-machining-3",
    "RequiredCapability": "EDM-Machining",
    "NominalDuration": 141,
    "NominalCost": 281,
    "Configuration": "Bracket-step1"
  },
  {
    "Name": "2Axis-machining-4",
    "RequiredCapability": "EDM-Machining",
    "NominalDuration": 144,
    "NominalCost": 287,
    "Configuration": "Bracket-step1"
  },
  {
    "Name": "2Axis-machining-5",
    "RequiredCapability": "EDM-Machining",
    "NominalDuration": 140,
    "NominalCost": 280,
    "Configuration": "Bracket-step1"
  },
  {
    "Name": "2Axis-machining-6",
    "RequiredCapability": "EDM-Machining",
    "NominalDuration": 144,
    "NominalCost": 288,
    "Configuration": "Bracket-step1"
  },
  {
    "Name": "3Axis-machining-1",
    "RequiredCapability": "3-Axis-Machining",
    "NominalDuration": 106,
    "NominalCost": 280,
    "Configuration": "Bracket-step1"
  },
  {
    "Name": "3Axis-refixture-1",
    "RequiredCapability": "3-Axis-Machining",
    "NominalDuration": 10,
    "NominalCost": 30,
    "Configuration": "Bracket-step1"
  },
  {
    "Name": "3Axis-machining-2",
    "RequiredCapability": "3-Axis-Machining",
    "NominalDuration": 21,
    "NominalCost": 63,
    "Configuration": "Bracket-step2"
  },
  {
    "Name": "3Axis-machining-3",
    "RequiredCapability": "3-Axis-Machining",
    "NominalDuration": 56,
    "NominalCost": 168,
    "Configuration": "Bracket-step1"
  },
  {
    "Name": "3Axis-refixture-2",
    "RequiredCapability": "3-Axis-Machining",
    "NominalDuration": 10,
    "NominalCost": 30,
    "Configuration": "Bracket-step1"
  },
  {
    "Name": "3Axis-machining-4",
    "RequiredCapability": "3-Axis-Machining",
    "NominalDuration": 12,
    "NominalCost": 36,
    "Configuration": "Bracket-step2"
  },
  {
    "Name": "3Axis-machining-5",
    "RequiredCapability": "3-Axis-Machining",
    "NominalDuration": 69,
    "NominalCost": 207,
    "Configuration": "Bracket-step1"
  },
  {
    "Name": "3Axis-refixture-3",
    "RequiredCapability": "3-Axis-Machining",
    "NominalDuration": 10,
    "NominalCost": 30,
    "Configuration": "Bracket-step1"
  },
  {
    "Name": "3Axis-machining-6",
    "RequiredCapability": "3-Axis-Machining",
    "NominalDuration": 9,
    "NominalCost": 27,
    "Configuration": "Bracket-step2"
  },
  {
    "Name": "3Axis-machining-7",
    "RequiredCapability": "3-Axis-Machining",
    "NominalDuration": 978,
    "NominalCost": 2934,
    "Configuration": "Bracket-step1"
  },
  {
    "Name": "3Axis-refixture-4",
    "RequiredCapability": "3-Axis-Machining",
    "NominalDuration": 10,
    "NominalCost": 30,
    "Configuration": "Bracket-step1"
  },
  {
    "Name": "3Axis-machining-8",
    "RequiredCapability": "3-Axis-Machining",
    "NominalDuration": 157,
    "NominalCost": 471,
    "Configuration": "Bracket-step2"
  },
  {
    "Name": "3Axis-machining-9",
    "RequiredCapability": "3-Axis-Machining",
    "NominalDuration": 119,
    "NominalCost": 357,
    "Configuration": "Bracket-step1"
  },
  {
    "Name": "3Axis-refixture-5",
    "RequiredCapability": "3-Axis-Machining",
    "NominalDuration": 10,
    "NominalCost": 30,
    "Configuration": "Bracket-step1"
  },
  {
    "Name": "3Axis-machining-10",
    "RequiredCapability": "3-Axis-Machining",
    "NominalDuration": 15,
    "NominalCost": 45,
    "Configuration": "Bracket-step2"
  },
  {
    "Name": "3Axis-machining-11",
    "RequiredCapability": "3-Axis-Machining",
    "NominalDuration": 797,
    "NominalCost": 2391,
    "Configuration": "Bracket-step1"
  },
  {
    "Name": "3Axis-refixture-6",
    "RequiredCapability": "3-Axis-Machining",
    "NominalDuration": 10,
    "NominalCost": 30,
    "Configuration": "Bracket-step1"
  },
  {
    "Name": "3Axis-machining-12",
    "RequiredCapability": "3-Axis-Machining",
    "NominalDuration": 100,
    "NominalCost": 300,
    "Configuration": "Bracket-step2"
  },
  {
    "Name": "3Axis-machining-13",
    "RequiredCapability": "3-Axis-Machining",
    "NominalDuration": 109,
    "NominalCost": 327,
    "Configuration": "Bracket-step1"
  },
  {
    "Name": "3Axis-refixture-7",
    "RequiredCapability": "3-Axis-Machining",
    "NominalDuration": 10,
    "NominalCost": 30,
    "Configuration": "Bracket-step1"
  },
  {
    "Name": "3Axis-machining-14",
    "RequiredCapability": "3-Axis-Machining",
    "NominalDuration": 24,
    "NominalCost": 72,
    "Configuration": "Bracket-step2"
  },
  {
    "Name": "3Axis-machining-15",
    "RequiredCapability": "3-Axis-Machining",
    "NominalDuration": 80,
    "NominalCost": 240,
    "Configuration": "Bracket-step1"
  },
  {
    "Name": "3Axis-refixture-8",
    "RequiredCapability": "3-Axis-Machining",
    "NominalDuration": 10,
    "NominalCost": 30,
    "Configuration": "Bracket-step1"
  },
  {
    "Name": "3Axis-machining-16",
    "RequiredCapability": "3-Axis-Machining",
    "NominalDuration": 14,
    "NominalCost": 42,
    "Configuration": "Bracket-step2"
  },
  {
    "Name": "3Axis-machining-17",
    "RequiredCapability": "3-Axis-Machining",
    "NominalDuration": 57,
    "NominalCost": 171,
    "Configuration": "Bracket-step1"
  },
  {
    "Name": "3Axis-refixture-9",
    "RequiredCapability": "3-Axis-Machining",
    "NominalDuration": 10,
    "NominalCost": 30,
    "Configuration": "Bracket-step1"
  },
  {
    "Name": "3Axis-machining-18",
    "RequiredCapability": "3-Axis-Machining",
    "NominalDuration": 10,
    "NominalCost": 30,
    "Configuration": "Bracket-step2"
  },
  {
    "Name": "3Axis-machining-19",
    "RequiredCapability": "3-Axis-Machining",
    "NominalDuration": 64,
    "NominalCost": 192,
    "Configuration": "Bracket-step1"
  },
  {
    "Name": "3Axis-refixture-10",
    "RequiredCapability": "3-Axis-Machining",
    "NominalDuration": 10,
    "NominalCost": 30,
    "Configuration": "Bracket-step1"
  },
  {
    "Name": "3Axis-machining-20",
    "RequiredCapability": "3-Axis-Machining",
    "NominalDuration": 9,
    "NominalCost": 27,
    "Configuration": "Bracket-step2"
  },
  {
    "Name": "3Axis-machining-21",
    "RequiredCapability": "3-Axis-Machining",
    "NominalDuration": 79,
    "NominalCost": 237,
    "Configuration": "Bracket-step1"
  },
  {
    "Name": "3Axis-refixture-11",
    "RequiredCapability": "3-Axis-Machining",
    "NominalDuration": 10,
    "NominalCost": 30,
    "Configuration": "Bracket-step1"
  },
  {
    "Name": "3Axis-machining-22",
    "RequiredCapability": "3-Axis-Machining",
    "NominalDuration": 17,
    "NominalCost": 51,
    "Configuration": "Bracket-step2"
  },
  {
    "Name": "3Axis-machining-23",
    "RequiredCapability": "3-Axis-Machining",
    "NominalDuration": 57,
    "NominalCost": 171,
    "Configuration": "Bracket-step1"
  },
  {
    "Name": "3Axis-refixture-12",
    "RequiredCapability": "3-Axis-Machining",
    "NominalDuration": 10,
    "NominalCost": 30,
    "Configuration": "Bracket-step1"
  },
  {
    "Name": "3Axis-machining-24",
    "RequiredCapability": "3-Axis-Machining",
    "NominalDuration": 10,
    "NominalCost": 30,
    "Configuration": "Bracket-step2"
  },
  {
    "Name": "3Axis-machining-25",
    "RequiredCapability": "3-Axis-Machining",
    "NominalDuration": 64,
    "NominalCost": 192,
    "Configuration": "Bracket-step1"
  },
  {
    "Name": "3Axis-refixture-13",
    "RequiredCapability": "3-Axis-Machining",
    "NominalDuration": 10,
    "NominalCost": 30,
    "Configuration": "Bracket-step1"
  },
  {
    "Name": "3Axis-machining-26",
    "RequiredCapability": "3-Axis-Machining",
    "NominalDuration": 9,
    "NominalCost": 27,
    "Configuration": "Bracket-step2"
  },
  {
    "Name": "3Axis-machining-27",
    "RequiredCapability": "3-Axis-Machining",
    "NominalDuration": 544,
    "NominalCost": 1632,
    "Configuration": "Bracket-step1"
  },
  {
    "Name": "3Axis-refixture-14",
    "RequiredCapability": "3-Axis-Machining",
    "NominalDuration": 10,
    "NominalCost": 30,
    "Configuration": "Bracket-step1"
  },
  {
    "Name": "3Axis-machining-28",
    "RequiredCapability": "3-Axis-Machining",
    "NominalDuration": 637,
    "NominalCost": 1911,
    "Configuration": "Bracket-step2"
  },
  {
    "Name": "3Axis-machining-29",
    "RequiredCapability": "3-Axis-Machining",
    "NominalDuration": 357,
    "NominalCost": 1071,
    "Configuration": "Bracket-step1"
  },
  {
    "Name": "3Axis-refixture-15",
    "RequiredCapability": "3-Axis-Machining",
    "NominalDuration": 10,
    "NominalCost": 30,
    "Configuration": "Bracket-step1"
  },
  {
    "Name": "3Axis-machining-30",
    "RequiredCapability": "3-Axis-Machining",
    "NominalDuration": 78,
    "NominalCost": 234,
    "Configuration": "Bracket-step2"
  },
  {
    "Name": "3Axis-machining-31",
    "RequiredCapability": "3-Axis-Machining",
    "NominalDuration": 471,
    "NominalCost": 1413,
    "Configuration": "Bracket-step1"
  },
  {
    "Name": "3Axis-refixture-16",
    "RequiredCapability": "3-Axis-Machining",
    "NominalDuration": 10,
    "NominalCost": 30,
    "Configuration": "Bracket-step1"
  },
  {
    "Name": "3Axis-machining-32",
    "RequiredCapability": "3-Axis-Machining",
    "NominalDuration": 58,
    "NominalCost": 174,
    "Configuration": "Bracket-step2"
  },
  {
    "Name": "5Axis-machining-1",
    "RequiredCapability": "5-Axis-Machining",
    "NominalDuration": 108,
    "NominalCost": 540,
    "Configuration": "Bracket-step1"
  },
  {
    "Name": "5Axis-machining-2",
    "RequiredCapability": "5-Axis-Machining",
    "NominalDuration": 22,
    "NominalCost": 110,
    "Configuration": "Bracket-step2"
  },
  {
    "Name": "5Axis-machining-3",
    "RequiredCapability": "5-Axis-Machining",
    "NominalDuration": 992,
    "NominalCost": 4960,
    "Configuration": "Bracket-step1"
  },
  {
    "Name": "5Axis-machining-4",
    "RequiredCapability": "5-Axis-Machining",
    "NominalDuration": 165,
    "NominalCost": 825,
    "Configuration": "Bracket-step2"
  },
  {
    "Name": "5Axis-machining-5",
    "RequiredCapability": "5-Axis-Machining",
    "NominalDuration": 109,
    "NominalCost": 545,
    "Configuration": "Bracket-step1"
  },
  {
    "Name": "5Axis-machining-6",
    "RequiredCapability": "5-Axis-Machining",
    "NominalDuration": 165,
    "NominalCost": 825,
    "Configuration": "Bracket-step2"
  },
  {
    "Name": "5Axis-machining-7",
    "RequiredCapability": "5-Axis-Machining",
    "NominalDuration": 82,
    "NominalCost": 410,
    "Configuration": "Bracket-step1"
  },
  {
    "Name": "5Axis-machining-8",
    "RequiredCapability": "5-Axis-Machining",
    "NominalDuration": 16,
    "NominalCost": 80,
    "Configuration": "Bracket-step2"
  },
  {
    "Name": "5Axis-machining-9",
    "RequiredCapability": "5-Axis-Machining",
    "NominalDuration": 1445,
    "NominalCost": 7225,
    "Configuration": "Bracket-step1"
  },
  {
    "Name": "5Axis-machining-10",
    "RequiredCapability": "5-Axis-Machining",
    "NominalDuration": 258,
    "NominalCost": 1290,
    "Configuration": "Bracket-step2"
  },
  {
    "Name": "5Axis-machining-11",
    "RequiredCapability": "5-Axis-Machining",
    "NominalDuration": 624,
    "NominalCost": 3120,
    "Configuration": "Bracket-step1"
  },
  {
    "Name": "5Axis-machining-12",
    "RequiredCapability": "5-Axis-Machining",
    "NominalDuration": 96,
    "NominalCost": 480,
    "Configuration": "Bracket-step2"
  },
  {
    "Name": "SLM-bracket-printing-1",
    "RequiredCapability": "SLM-Metal-Printing",
    "NominalDuration": 186,
    "NominalCost": 372,
    "Configuration": "Home"
  },
  {
    "Name": "SLM-bracket-printing-2",
    "RequiredCapability": "SLM-Metal-Printing",
    "NominalDuration": 190,
    "NominalCost": 380,
    "Configuration": "Home"
  },
  {
    "Name": "SLM-bracket-printing-3",
    "RequiredCapability": "SLM-Metal-Printing",
    "NominalDuration": 181,
    "NominalCost": 362,
    "Configuration": "Home"
  },
  {
    "Name": "SLM-bracket-printing-4",
    "RequiredCapability": "SLM-Metal-Printing",
    "NominalDuration": 183,
    "NominalCost": 366,
    "Configuration": "Home"
  },
  {
    "Name": "SLM-bracket-printing-5",
    "RequiredCapability": "SLM-Metal-Printing",
    "NominalDuration": 180,
    "NominalCost": 360,
    "Configuration": "Home"
  },
  {
    "Name": "SLM-bracket-printing-6",
    "RequiredCapability": "SLM-Metal-Printing",
    "NominalDuration": 192,
    "NominalCost": 384,
    "Configuration": "Home"
  },
  {
    "Name": "SLM-bracket-printing-7",
    "RequiredCapability": "SLM-Metal-Printing",
    "NominalDuration": 183,
    "NominalCost": 366,
    "Configuration": "Home"
  },
  {
    "Name": "SLM-bracket-printing-8",
    "RequiredCapability": "SLM-Metal-Printing",
    "NominalDuration": 192,
    "NominalCost": 384,
    "Configuration": "Home"
  },
  {
    "Name": "SLM-bracket-printing-9",
    "RequiredCapability": "SLM-Metal-Printing",
    "NominalDuration": 182,
    "NominalCost": 364,
    "Configuration": "Home"
  },
  {
    "Name": "SLM-bracket-printing-10",
    "RequiredCapability": "SLM-Metal-Printing",
    "NominalDuration": 182,
    "NominalCost": 364,
    "Configuration": "Home"
  },
  {
    "Name": "SLM-bracket-printing-11",
    "RequiredCapability": "SLM-Metal-Printing",
    "NominalDuration": 181,
    "NominalCost": 362,
    "Configuration": "Home"
  },
  {
    "Name": "SLM-bracket-printing-12",
    "RequiredCapability": "SLM-Metal-Printing",
    "NominalDuration": 196,
    "NominalCost": 392,
    "Configuration": "Home"
  },
  {
    "Name": "SLM-bracket-printing-13",
    "RequiredCapability": "SLM-Metal-Printing",
    "NominalDuration": 189,
    "NominalCost": 379,
    "Configuration": "Home"
  },
  {
    "Name": "SLM-bracket-printing-14",
    "RequiredCapability": "SLM-Metal-Printing",
    "NominalDuration": 191,
    "NominalCost": 381,
    "Configuration": "Home"
  },
  {
    "Name": "SLM-bracket-printing-15",
    "RequiredCapability": "SLM-Metal-Printing",
    "NominalDuration": 195,
    "NominalCost": 389,
    "Configuration": "Home"
  },
  {
    "Name": "SLM-bracket-printing-16",
    "RequiredCapability": "SLM-Metal-Printing",
    "NominalDuration": 198,
    "NominalCost": 395,
    "Configuration": "Home"
  },
  {
    "Name": "SLM-bracket-printing-17",
    "RequiredCapability": "SLM-Metal-Printing",
    "NominalDuration": 218,
    "NominalCost": 435,
    "Configuration": "Home"
  },
  {
    "Name": "SLM-bracket-printing-18",
    "RequiredCapability": "SLM-Metal-Printing",
    "NominalDuration": 194,
    "NominalCost": 388,
    "Configuration": "Home"
  },
  {
    "Name": "SLM-bracket-printing-19",
    "RequiredCapability": "SLM-Metal-Printing",
    "NominalDuration": 182,
    "NominalCost": 364,
    "Configuration": "Home"
  },
  {
    "Name": "SLM-bracket-printing-20",
    "RequiredCapability": "SLM-Metal-Printing",
    "NominalDuration": 182,
    "NominalCost": 364,
    "Configuration": "Home"
  },
  {
    "Name": "SLM-bracket-printing-21",
    "RequiredCapability": "SLM-Metal-Printing",
    "NominalDuration": 179,
    "NominalCost": 358,
    "Configuration": "Home"
  },
  {
    "Name": "SLM-bracket-printing-22",
    "RequiredCapability": "SLM-Metal-Printing",
    "NominalDuration": 186,
    "NominalCost": 371,
    "Configuration": "Home"
  },
  {
    "Name": "SLM-bracket-printing-23",
    "RequiredCapability": "SLM-Metal-Printing",
    "NominalDuration": 190,
    "NominalCost": 380,
    "Configuration": "Home"
  },
  {
    "Name": "SLM-bracket-printing-24",
    "RequiredCapability": "SLM-Metal-Printing",
    "NominalDuration": 195,
    "NominalCost": 390,
    "Configuration": "Home"
  },
  {
    "Name": "SLM-bracket-printing-25",
    "RequiredCapability": "SLM-Metal-Printing",
    "NominalDuration": 184,
    "NominalCost": 368,
    "Configuration": "Home"
  },
  {
    "Name": "SLM-bracket-printing-26",
    "RequiredCapability": "SLM-Metal-Printing",
    "NominalDuration": 183,
    "NominalCost": 366,
    "Configuration": "Home"
  },
  {
    "Name": "SLM-bracket-printing-27",
    "RequiredCapability": "SLM-Metal-Printing",
    "NominalDuration": 182,
    "NominalCost": 364,
    "Configuration": "Home"
  },
  {
    "Name": "SLM-bracket-printing-28",
    "RequiredCapability": "SLM-Metal-Printing",
    "NominalDuration": 185,
    "NominalCost": 370,
    "Configuration": "Home"
  },
  {
    "Name": "SLM-bracket-printing-29",
    "RequiredCapability": "SLM-Metal-Printing",
    "NominalDuration": 310,
    "NominalCost": 620,
    "Configuration": "Home"
  },
  {
    "Name": "SLM-bracket-printing-30",
    "RequiredCapability": "SLM-Metal-Printing",
    "NominalDuration": 195,
    "NominalCost": 390,
    "Configuration": "Home"
  },
  {
    "Name": "SLM-bracket-printing-31",
    "RequiredCapability": "SLM-Metal-Printing",
    "NominalDuration": 195,
    "NominalCost": 389,
    "Configuration": "Home"
  },
  {
    "Name": "FDM-bracket-printing-1",
    "RequiredCapability": "FDM-Printing",
    "NominalDuration": 1642,
    "NominalCost": 164.2,
    "Configuration": "Home"
  },
  {
    "Name": "FDM-bracket-printing-2",
    "RequiredCapability": "FDM-Printing",
    "NominalDuration": 1656,
    "NominalCost": 165.6,
    "Configuration": "Home"
  },
  {
    "Name": "FDM-bracket-printing-3",
    "RequiredCapability": "FDM-Printing",
    "NominalDuration": 1596,
    "NominalCost": 159.6,
    "Configuration": "Home"
  },
  {
    "Name": "FDM-bracket-printing-4",
    "RequiredCapability": "FDM-Printing",
    "NominalDuration": 1945,
    "NominalCost": 194.5,
    "Configuration": "Home"
  },
  {
    "Name": "FDM-bracket-printing-5",
    "RequiredCapability": "FDM-Printing",
    "NominalDuration": 1340,
    "NominalCost": 134,
    "Configuration": "Home"
  },
  {
    "Name": "FDM-bracket-printing-6",
    "RequiredCapability": "FDM-Printing",
    "NominalDuration": 1635,
    "NominalCost": 163.5,
    "Configuration": "Home"
  },
  {
    "Name": "Bjet-bracket-printing-1",
    "RequiredCapability": "Binder-Jet-Printing",
    "NominalDuration": 163,
    "NominalCost": 326,
    "Configuration": "Home"
  },
  {
    "Name": "Bjet-bracket-printing-2",
    "RequiredCapability": "Binder-Jet-Printing",
    "NominalDuration": 42,
    "NominalCost": 84,
    "Configuration": "Home"
  },
  {
    "Name": "Bracket-polishing",
    "RequiredCapability": "Buffing",
    "NominalDuration": 5,
    "NominalCost": 10,
    "Configuration": "Home"
  },
  {
    "Name": "Bracket-sintering",
    "RequiredCapability": "Sintering",
    "NominalDuration": 720,
    "NominalCost": 240,
    "Configuration": "Home"
  },
  {
    "Name": "Bracket-shot-peening",
    "RequiredCapability": "Shot-Peening",
    "NominalDuration": 20,
    "NominalCost": 40,
    "Configuration": "Home"
  },
  {
    "Name": "Bracket-inspection",
    "RequiredCapability": "Inspecting",
    "NominalDuration": 20,
    "NominalCost": 20,
    "Configuration": "Home"
  },
  {
    "Name": "Bracket-support-removal",
    "RequiredCapability": "FDM-support-removal",
    "NominalDuration": 60,
    "NominalCost": 60,
    "Configuration": "Home"
  }
]